sequence_id	cluster_id	start	end	average_p	max_p	type	alkaloid_probability	nrp_probability	polyketide_probability	ripp_probability	saccharide_probability	terpene_probability	proteins	domains
CP042324.1	CP042324.1_cluster_1	1144	42174	0.9556736958387385	0.999174845863991	Unknown	0.05690597458737745	0.19369038897439605	0.21240085862200175	0.21653764288368005	0.06000000000000005	0.09270855205818918	CP042324.1_10;CP042324.1_11;CP042324.1_12;CP042324.1_13;CP042324.1_14;CP042324.1_15;CP042324.1_16;CP042324.1_17;CP042324.1_18;CP042324.1_19;CP042324.1_2;CP042324.1_20;CP042324.1_21;CP042324.1_22;CP042324.1_23;CP042324.1_24;CP042324.1_25;CP042324.1_26;CP042324.1_27;CP042324.1_28;CP042324.1_29;CP042324.1_3;CP042324.1_30;CP042324.1_31;CP042324.1_32;CP042324.1_33;CP042324.1_34;CP042324.1_35;CP042324.1_36;CP042324.1_37;CP042324.1_38;CP042324.1_39;CP042324.1_4;CP042324.1_40;CP042324.1_41;CP042324.1_42;CP042324.1_43;CP042324.1_44;CP042324.1_5;CP042324.1_6;CP042324.1_7;CP042324.1_8;CP042324.1_9	PF00201;PF00665;PF00881;PF01047;PF01590;PF01695;PF01695;PF02525;PF03358;PF03457;PF03457;PF03457;PF03457;PF03457;PF03457;PF03457;PF03457;PF04101;PF04851;PF05368;PF12802;PF13088;PF13340;PF13340;PF13460;PF13586;PF13586;PF13604;PF19746
CP042324.1	CP042324.1_cluster_2	98463	128290	0.9638510150447143	0.9999856362935352	Polyketide	0.010000000000000009	0.18999999999999995	0.85	0.020000000000000018	0.0	0.030000000000000027	CP042324.1_100;CP042324.1_101;CP042324.1_102;CP042324.1_103;CP042324.1_104;CP042324.1_105;CP042324.1_106;CP042324.1_107;CP042324.1_93;CP042324.1_94;CP042324.1_95;CP042324.1_96;CP042324.1_97;CP042324.1_98;CP042324.1_99	PF00005;PF00106;PF00109;PF00109;PF00109;PF00196;PF00550;PF00698;PF00698;PF00743;PF00753;PF01370;PF02801;PF02801;PF03372;PF07977;PF07977;PF07993;PF08659;PF12146;PF12697;PF12698;PF12706;PF13191;PF13450;PF13561;PF13738;PF14765;PF16197;PF16197
CP042324.1	CP042324.1_cluster_3	168705	189886	0.9454900682508889	0.9999770778172243	Terpene	0.030000000000000027	0.09999999999999998	0.18999999999999995	0.010000000000000009	0.030000000000000027	0.5900000000000001	CP042324.1_148;CP042324.1_149;CP042324.1_150;CP042324.1_151;CP042324.1_152;CP042324.1_153;CP042324.1_154;CP042324.1_155;CP042324.1_156;CP042324.1_157;CP042324.1_158;CP042324.1_159;CP042324.1_160;CP042324.1_161;CP042324.1_162;CP042324.1_163;CP042324.1_164;CP042324.1_165;CP042324.1_166;CP042324.1_167	PF00107;PF00348;PF00355;PF00494;PF00582;PF00582;PF00582;PF00582;PF00582;PF00582;PF00890;PF00890;PF01209;PF01266;PF01266;PF01266;PF01593;PF01593;PF01593;PF02310;PF03441;PF03486;PF04542;PF04545;PF05834;PF08240;PF08241;PF08242;PF11066;PF12831;PF12831;PF13450;PF13450;PF13450;PF13489;PF13602;PF13649;PF13847;PF19299
CP042324.1	CP042324.1_cluster_4	250805	267513	0.9369697405536297	0.9981600231391232	RiPP	0.0020096413922634504	0.1425771023636877	0.09322606360716124	0.6412497057161691	0.0	0.026305269773257534	CP042324.1_226;CP042324.1_227;CP042324.1_228;CP042324.1_229;CP042324.1_230;CP042324.1_231;CP042324.1_232;CP042324.1_233;CP042324.1_234;CP042324.1_235;CP042324.1_236;CP042324.1_237;CP042324.1_238;CP042324.1_239	PF00126;PF00528;PF00528;PF00561;PF00975;PF01047;PF01055;PF01408;PF01547;PF02065;PF03466;PF04738;PF05147;PF12146;PF12697;PF12802;PF12802;PF12833;PF13416;PF14028;PF18029;PF18029
CP042324.1	CP042324.1_cluster_5	494260	544087	0.970833726179689	0.9999818230207629	NRP	0.020000000000000018	0.69	0.16000000000000003	0.09999999999999998	0.050000000000000044	0.030000000000000027	CP042324.1_435;CP042324.1_436;CP042324.1_437;CP042324.1_438;CP042324.1_439;CP042324.1_440;CP042324.1_441;CP042324.1_442;CP042324.1_443;CP042324.1_444;CP042324.1_445;CP042324.1_446;CP042324.1_447;CP042324.1_448;CP042324.1_449;CP042324.1_450;CP042324.1_451;CP042324.1_452;CP042324.1_453;CP042324.1_454;CP042324.1_455;CP042324.1_456;CP042324.1_457;CP042324.1_458;CP042324.1_459;CP042324.1_460;CP042324.1_461;CP042324.1_462;CP042324.1_463;CP042324.1_464;CP042324.1_465;CP042324.1_466;CP042324.1_467;CP042324.1_468;CP042324.1_469;CP042324.1_470	PF00005;PF00005;PF00005;PF00005;PF00148;PF00270;PF00271;PF00440;PF00440;PF00501;PF00501;PF00501;PF00550;PF00550;PF00550;PF00664;PF00664;PF00668;PF00668;PF00668;PF00668;PF00756;PF00950;PF01047;PF01266;PF01297;PF01494;PF01494;PF01494;PF02129;PF02540;PF03621;PF06439;PF07224;PF12802;PF12902;PF13193;PF13193;PF13193;PF13304;PF13304;PF13304;PF13434;PF13450;PF17389;PF17754
CP042324.1	CP042324.1_cluster_6	738595	745763	0.9311457062983829	0.9433853413008426	RiPP	0.013771610757711605	0.13033451326713574	0.02878714672357352	0.7890969567055846	0.0	0.010723837180922513	CP042324.1_658;CP042324.1_659;CP042324.1_660;CP042324.1_661;CP042324.1_662;CP042324.1_663;CP042324.1_664;CP042324.1_665;CP042324.1_666	PF00005;PF00664;PF01965;PF04149;PF04672;PF17196;PF19054
CP042324.1	CP042324.1_cluster_7	1126536	1134013	0.9355148667609952	0.9872889729102623	Unknown	0.045735504969124374	0.06550618703147149	0.181268492354969	0.05835784299698543	0.020000000000000018	0.19230742608699403	CP042324.1_1027;CP042324.1_1028;CP042324.1_1029;CP042324.1_1030;CP042324.1_1031;CP042324.1_1032;CP042324.1_1033;CP042324.1_1034	PF00072;PF00196;PF00356;PF00532;PF00890;PF01047;PF01134;PF01266;PF01494;PF03486;PF05834;PF07690;PF07690;PF07730;PF11716;PF12802;PF12831;PF13377;PF13407;PF13412;PF19857
CP042324.1	CP042324.1_cluster_8	1151871	1170557	0.9743021377534847	0.9995180184528206	Unknown	0.05813597949367322	0.16490721270360698	0.21758548596516036	0.06882585729060509	0.06000000000000005	0.04332999507498936	CP042324.1_1054;CP042324.1_1055;CP042324.1_1056;CP042324.1_1057;CP042324.1_1058;CP042324.1_1059;CP042324.1_1060;CP042324.1_1061;CP042324.1_1062;CP042324.1_1063;CP042324.1_1064;CP042324.1_1065;CP042324.1_1066;CP042324.1_1067;CP042324.1_1068;CP042324.1_1069;CP042324.1_1070;CP042324.1_1071;CP042324.1_1072	PF00440;PF00440;PF00441;PF00561;PF00702;PF00724;PF01047;PF01569;PF02770;PF03211;PF08028;PF12146;PF12697;PF12802;PF12840;PF13412;PF13977;PF16859;PF17197;PF18029;PF18029;PF19720
CP042324.1	CP042324.1_cluster_9	1275236	1282541	0.9199633550450257	0.9722255079423315	Polyketide	0.021543631806789754	0.05858311787373571	0.6160571735663269	0.031257021011025565	0.02533333333333332	0.1766937600919295	CP042324.1_1164;CP042324.1_1165;CP042324.1_1166;CP042324.1_1167;CP042324.1_1168;CP042324.1_1169;CP042324.1_1170;CP042324.1_1171	PF00067;PF00171;PF00195;PF00293;PF00440;PF00441;PF02770;PF02771;PF02797;PF07883;PF07883;PF08028;PF08392;PF08541
CP042324.1	CP042324.1_cluster_10	1333825	1368914	0.9772521332528823	0.9998343421777932	Polyketide	0.020000000000000018	0.13372093023255816	0.7525581395348837	0.03372093023255818	0.06999999999999995	0.04116279069767448	CP042324.1_1225;CP042324.1_1226;CP042324.1_1227;CP042324.1_1228;CP042324.1_1229;CP042324.1_1230;CP042324.1_1231;CP042324.1_1232;CP042324.1_1233;CP042324.1_1234;CP042324.1_1235;CP042324.1_1236;CP042324.1_1237;CP042324.1_1238;CP042324.1_1239;CP042324.1_1240;CP042324.1_1241;CP042324.1_1242;CP042324.1_1243;CP042324.1_1244;CP042324.1_1245;CP042324.1_1246;CP042324.1_1247;CP042324.1_1248;CP042324.1_1249;CP042324.1_1250;CP042324.1_1251;CP042324.1_1252;CP042324.1_1253;CP042324.1_1254;CP042324.1_1255	PF00109;PF00155;PF00202;PF00392;PF00550;PF00550;PF00561;PF00561;PF00583;PF00890;PF01266;PF01370;PF01370;PF01494;PF01613;PF02770;PF02801;PF03364;PF04072;PF04321;PF04542;PF04545;PF04820;PF04820;PF07993;PF07993;PF08541;PF08545;PF10604;PF12146;PF12697;PF12697;PF13450
CP042324.1	CP042324.1_cluster_11	1998471	2009395	0.9217502017963675	0.9966821596661852	Unknown	0.0015559772296015462	0.03461100569259956	0.12704933586337763	0.07407969639468692	0.010000000000000009	0.010910815939279006	CP042324.1_1828;CP042324.1_1829;CP042324.1_1830;CP042324.1_1831;CP042324.1_1832;CP042324.1_1833;CP042324.1_1834;CP042324.1_1835;CP042324.1_1836;CP042324.1_1837;CP042324.1_1838;CP042324.1_1839	PF00171;PF00202;PF00583;PF00583;PF00905;PF05721;PF06339;PF08445;PF13302;PF13302;PF13508
CP042324.1	CP042324.1_cluster_12	2609903	2639565	0.9871155566496947	0.9983688545377846	Unknown	0.009832902368639318	0.1753958103489588	0.12356427774333212	0.4655584599380731	0.06000000000000005	0.01926547084803487	CP042324.1_2391;CP042324.1_2392;CP042324.1_2393;CP042324.1_2394;CP042324.1_2395;CP042324.1_2396;CP042324.1_2397;CP042324.1_2398;CP042324.1_2399;CP042324.1_2400;CP042324.1_2401;CP042324.1_2402;CP042324.1_2403;CP042324.1_2404;CP042324.1_2405;CP042324.1_2406;CP042324.1_2407;CP042324.1_2408;CP042324.1_2409;CP042324.1_2410;CP042324.1_2411	PF00082;PF00392;PF00501;PF00528;PF00528;PF01039;PF01039;PF01547;PF01590;PF03600;PF03704;PF06723;PF07714;PF07728;PF07729;PF07730;PF13185;PF13193;PF13365;PF13416;PF13492;PF19493;PF20028;PF20182;PF20182
CP042324.1	CP042324.1_cluster_13	2934121	2953611	0.9755240865169792	0.9996588279817534	Unknown	0.005954228234679393	0.0557206531047697	0.06628276010973377	0.02412395237611409	0.32999999999999996	0.08205136006038272	CP042324.1_2654;CP042324.1_2655;CP042324.1_2656;CP042324.1_2657;CP042324.1_2658;CP042324.1_2659;CP042324.1_2660;CP042324.1_2661;CP042324.1_2662;CP042324.1_2663;CP042324.1_2664;CP042324.1_2665;CP042324.1_2666;CP042324.1_2667;CP042324.1_2668;CP042324.1_2669;CP042324.1_2670;CP042324.1_2671;CP042324.1_2672	PF00264;PF02397;PF02668;PF02826;PF03023;PF03781;PF06236;PF07690;PF07690;PF12832;PF13727
CP042324.1	CP042324.1_cluster_14	3027521	3043377	0.9642071975158648	0.9962271658473875	Unknown	0.023522167487684653	0.05015270935960592	0.09054556650246315	0.020233990147783154	0.010000000000000009	0.013380541871921281	CP042324.1_2739;CP042324.1_2740;CP042324.1_2741;CP042324.1_2742;CP042324.1_2743;CP042324.1_2744;CP042324.1_2745;CP042324.1_2746;CP042324.1_2747;CP042324.1_2748;CP042324.1_2749;CP042324.1_2750	PF00282;PF00441;PF01039;PF02770;PF02771;PF04183;PF04954;PF06276;PF08021;PF08028;PF09851;PF13434;PF13523;PF13738
CP042324.1	CP042324.1_cluster_15	3122987	3144092	0.9084900270545953	0.9296751119387929	Unknown	0.030000000000000027	0.08999999999999997	0.18000000000000005	0.12	0.040000000000000036	0.09999999999999998	CP042324.1_2829;CP042324.1_2830;CP042324.1_2831;CP042324.1_2832;CP042324.1_2833;CP042324.1_2834;CP042324.1_2835;CP042324.1_2836;CP042324.1_2837;CP042324.1_2838;CP042324.1_2839;CP042324.1_2840;CP042324.1_2841;CP042324.1_2842;CP042324.1_2843;CP042324.1_2844;CP042324.1_2845;CP042324.1_2846;CP042324.1_2847;CP042324.1_2848;CP042324.1_2849;CP042324.1_2850;CP042324.1_2851;CP042324.1_2852;CP042324.1_2853	PF00067;PF00067;PF00083;PF00106;PF00561;PF00583;PF00583;PF01135;PF01381;PF03259;PF04149;PF05331;PF07690;PF07690;PF08445;PF12697;PF12844;PF13302;PF13508;PF13523;PF13561;PF13673;PF14408;PF18029;PF19054
CP042324.1	CP042324.1_cluster_16	3513073	3604156	0.9871861910939987	0.9999998801974961	NRP	0.0	0.95	0.050000000000000044	0.010000000000000009	0.0	0.0	CP042324.1_3161;CP042324.1_3162;CP042324.1_3163;CP042324.1_3164;CP042324.1_3165;CP042324.1_3166;CP042324.1_3167;CP042324.1_3168;CP042324.1_3169;CP042324.1_3170;CP042324.1_3171;CP042324.1_3172;CP042324.1_3173;CP042324.1_3174;CP042324.1_3175;CP042324.1_3176;CP042324.1_3177;CP042324.1_3178;CP042324.1_3179;CP042324.1_3180;CP042324.1_3181;CP042324.1_3182;CP042324.1_3183;CP042324.1_3184;CP042324.1_3185;CP042324.1_3186;CP042324.1_3187;CP042324.1_3188;CP042324.1_3189;CP042324.1_3190;CP042324.1_3191;CP042324.1_3192;CP042324.1_3193;CP042324.1_3194;CP042324.1_3195;CP042324.1_3196;CP042324.1_3197;CP042324.1_3198;CP042324.1_3199;CP042324.1_3200;CP042324.1_3201;CP042324.1_3202;CP042324.1_3203;CP042324.1_3204;CP042324.1_3205;CP042324.1_3206;CP042324.1_3207	PF00005;PF00005;PF00072;PF00109;PF00122;PF00155;PF00196;PF00425;PF00440;PF00441;PF00486;PF00501;PF00501;PF00501;PF00501;PF00501;PF00501;PF00501;PF00501;PF00501;PF00501;PF00501;PF00550;PF00550;PF00550;PF00550;PF00550;PF00550;PF00550;PF00550;PF00550;PF00550;PF00550;PF00550;PF00561;PF00589;PF00664;PF00668;PF00668;PF00668;PF00668;PF00668;PF00668;PF00668;PF00668;PF00668;PF00668;PF00668;PF00668;PF00668;PF00668;PF00702;PF00931;PF00975;PF01026;PF01040;PF01047;PF01070;PF01261;PF01261;PF01266;PF01474;PF01494;PF01636;PF01663;PF02153;PF02668;PF02770;PF02801;PF03403;PF03621;PF03704;PF04715;PF07690;PF07730;PF08241;PF08541;PF08545;PF09056;PF12146;PF12679;PF12697;PF12697;PF12728;PF12730;PF12802;PF12897;PF13193;PF13193;PF13193;PF13193;PF13193;PF13193;PF13193;PF13193;PF13193;PF13193;PF13304;PF13450;PF13489;PF13649;PF13669;PF14696;PF20463
CP042324.1	CP042324.1_cluster_17	3880132	3885868	0.9806099625170912	0.9961793076993397	Unknown	0.05681601174575279	0.25140824283986407	0.2701922329801453	0.2222431646309535	0.0	0.11136929102471216	CP042324.1_3465;CP042324.1_3466;CP042324.1_3467;CP042324.1_3468;CP042324.1_3469;CP042324.1_3470	PF00877;PF19607;PF19751
CP042324.1	CP042324.1_cluster_18	4001700	4028808	0.9283345917900071	0.9875495867355518	Unknown	0.05335559313644622	0.15040793598416102	0.17866140075895065	0.11083864048836833	0.06000000000000005	0.07373271737337073	CP042324.1_3574;CP042324.1_3575;CP042324.1_3576;CP042324.1_3577;CP042324.1_3578;CP042324.1_3579;CP042324.1_3580;CP042324.1_3581;CP042324.1_3582;CP042324.1_3583;CP042324.1_3584;CP042324.1_3585;CP042324.1_3586;CP042324.1_3587;CP042324.1_3588;CP042324.1_3589;CP042324.1_3590;CP042324.1_3591;CP042324.1_3592;CP042324.1_3593;CP042324.1_3594;CP042324.1_3595;CP042324.1_3596;CP042324.1_3597;CP042324.1_3598;CP042324.1_3599;CP042324.1_3600;CP042324.1_3601;CP042324.1_3602	PF00005;PF00067;PF00072;PF00072;PF00083;PF00196;PF00196;PF00202;PF00326;PF00392;PF00756;PF00781;PF01047;PF01116;PF01757;PF03301;PF04542;PF05977;PF07690;PF07729;PF07730;PF07730;PF07859;PF07883;PF12697;PF12802;PF13304;PF13732;PF19564;PF20434
CP042324.1	CP042324.1_cluster_19	4242547	4258463	0.985522587674348	0.998468406978331	Unknown	0.034581755779234835	0.17735578711520705	0.25089429861725887	0.06198553479591695	0.48	0.12048439881253648	CP042324.1_3810;CP042324.1_3811;CP042324.1_3812;CP042324.1_3813;CP042324.1_3814;CP042324.1_3815;CP042324.1_3816;CP042324.1_3817;CP042324.1_3818;CP042324.1_3819;CP042324.1_3820;CP042324.1_3821;CP042324.1_3822	PF00392;PF00535;PF01255;PF05050;PF06902;PF07702;PF07714;PF13191;PF13370;PF13459;PF13641;PF19871;PF19943
CP042324.1	CP042324.1_cluster_21	4615186	4635188	0.9742189441314012	0.9997479509427835	Unknown	0.05758561032391751	0.04175288883586248	0.08409386108782657	0.3932289936350819	0.010000000000000009	0.07286595837364207	CP042324.1_4154;CP042324.1_4155;CP042324.1_4156;CP042324.1_4157;CP042324.1_4158;CP042324.1_4159;CP042324.1_4160;CP042324.1_4161;CP042324.1_4162;CP042324.1_4163;CP042324.1_4164;CP042324.1_4165;CP042324.1_4166;CP042324.1_4167;CP042324.1_4168;CP042324.1_4169;CP042324.1_4170;CP042324.1_4171;CP042324.1_4172;CP042324.1_4173;CP042324.1_4174;CP042324.1_4175;CP042324.1_4176;CP042324.1_4177;CP042324.1_4178	PF00072;PF00083;PF00165;PF00300;PF00392;PF00486;PF00512;PF00589;PF01738;PF01895;PF01895;PF02311;PF02518;PF03473;PF04471;PF05147;PF05147;PF05977;PF06445;PF07690;PF07690;PF07702;PF12833;PF12833;PF14526;PF18029;PF18029;PF19384;PF19908
CP042324.1	CP042324.1_cluster_22	4895305	4899224	0.8145986055032832	0.8178323625466669	NRP	0.0005882352941176672	0.6955588235294118	0.2761029411764706	0.11447058823529421	0.0	0.012264705882352844	CP042324.1_4421;CP042324.1_4422;CP042324.1_4423;CP042324.1_4424	PF00561;PF00668;PF00975;PF12146;PF12697;PF13578
CP042324.1	CP042324.1_cluster_23	5511382	5536398	0.9830872371205277	0.9995791056982234	Polyketide	0.030000000000000027	0.07999999999999996	0.95	0.0	0.050000000000000044	0.0	CP042324.1_5008;CP042324.1_5009;CP042324.1_5010;CP042324.1_5011;CP042324.1_5012;CP042324.1_5013;CP042324.1_5014;CP042324.1_5015;CP042324.1_5016;CP042324.1_5017;CP042324.1_5018;CP042324.1_5019;CP042324.1_5020;CP042324.1_5021;CP042324.1_5022;CP042324.1_5023;CP042324.1_5024;CP042324.1_5025;CP042324.1_5026;CP042324.1_5027;CP042324.1_5028;CP042324.1_5029;CP042324.1_5030;CP042324.1_5031;CP042324.1_5032;CP042324.1_5033	PF00106;PF00107;PF00107;PF00107;PF00109;PF00109;PF00246;PF00440;PF00486;PF00550;PF00725;PF00753;PF01370;PF01613;PF02737;PF02801;PF02801;PF02909;PF03364;PF03704;PF03848;PF03992;PF05175;PF05368;PF05724;PF07690;PF07690;PF08028;PF08240;PF08240;PF08241;PF08242;PF08659;PF10604;PF12867;PF13460;PF13489;PF13561;PF13577;PF13602;PF13602;PF13602;PF13649;PF13847;PF19559
CP042324.1	CP042324.1_cluster_24	5681127	5684576	0.9752588070090208	0.991544979408515	Terpene	0.022288600288600358	0.03459235209235212	0.16394805194805184	0.029651515151515095	0.0	0.556988455988456	CP042324.1_5162;CP042324.1_5163;CP042324.1_5164	PF00067;PF00165;PF01965;PF12833;PF19086
CP042324.1	CP042324.1_cluster_25	5776741	5797590	0.9613993876661866	0.9999992796487173	Polyketide	0.0	0.0	0.86	0.12	0.010000000000000009	0.0	CP042324.1_5245;CP042324.1_5246;CP042324.1_5247;CP042324.1_5248;CP042324.1_5249;CP042324.1_5250;CP042324.1_5251;CP042324.1_5252;CP042324.1_5253;CP042324.1_5254;CP042324.1_5255;CP042324.1_5256;CP042324.1_5257;CP042324.1_5258;CP042324.1_5259;CP042324.1_5260;CP042324.1_5261;CP042324.1_5262;CP042324.1_5263;CP042324.1_5264;CP042324.1_5265;CP042324.1_5266;CP042324.1_5267;CP042324.1_5268	PF00109;PF00109;PF00512;PF00550;PF00672;PF00881;PF01037;PF01494;PF02311;PF02518;PF02801;PF02801;PF03364;PF03992;PF04486;PF04673;PF07883;PF10604;PF13359;PF13412;PF13613
CP042324.1	CP042324.1_cluster_26	6339613	6343370	0.967246396672388	0.97794293161139	Unknown	0.0084638021160095	0.04761236367090371	0.029573751092960343	0.052708507371443614	0.0	0.009429342590429046	CP042324.1_5739;CP042324.1_5740;CP042324.1_5741	PF00202;PF04183;PF06276;PF13302;PF13523
CP042324.1	CP042324.1_cluster_27	6428976	6470988	0.9795502087643091	0.9999999461117637	NRP;Polyketide	0.0	0.55	0.9299999999999999	0.0	0.050000000000000044	0.040000000000000036	CP042324.1_5813;CP042324.1_5814;CP042324.1_5815;CP042324.1_5816;CP042324.1_5817;CP042324.1_5818;CP042324.1_5819;CP042324.1_5820;CP042324.1_5821;CP042324.1_5822;CP042324.1_5823;CP042324.1_5824;CP042324.1_5825;CP042324.1_5826;CP042324.1_5827;CP042324.1_5828;CP042324.1_5829;CP042324.1_5830;CP042324.1_5831;CP042324.1_5832;CP042324.1_5833;CP042324.1_5834;CP042324.1_5835;CP042324.1_5836;CP042324.1_5837;CP042324.1_5838;CP042324.1_5839;CP042324.1_5840;CP042324.1_5841;CP042324.1_5842;CP042324.1_5843;CP042324.1_5844;CP042324.1_5845;CP042324.1_5846	PF00072;PF00108;PF00109;PF00109;PF00109;PF00109;PF00155;PF00155;PF00196;PF00355;PF00441;PF00486;PF00486;PF00501;PF00501;PF00550;PF00550;PF00550;PF00550;PF00698;PF00891;PF00975;PF01053;PF01073;PF01222;PF01370;PF01938;PF02080;PF02080;PF02254;PF02254;PF02353;PF02544;PF02770;PF02771;PF02801;PF02801;PF02801;PF02801;PF03704;PF03992;PF04191;PF04321;PF05368;PF05401;PF05958;PF06966;PF07993;PF08028;PF08241;PF08242;PF08541;PF08545;PF11639;PF12697;PF13193;PF13241;PF13460;PF13489;PF13520;PF13649;PF13847;PF13847;PF16197;PF16363;PF17837;PF19507;PF19709
CP042324.1	CP042324.1_cluster_28	6541621	6551520	0.9804648043511219	0.9982572376624187	Unknown	0.112718234981393	0.05164114832535882	0.10245082402977135	0.10279319510898444	0.020000000000000018	0.02593141945773536	CP042324.1_5910;CP042324.1_5911;CP042324.1_5912;CP042324.1_5913;CP042324.1_5914;CP042324.1_5915;CP042324.1_5916	PF00149;PF00185;PF00296;PF00999;PF02729;PF05175;PF08241;PF08242;PF08433;PF13489;PF13649;PF13671;PF13847;PF19594
CP042324.1	CP042324.1_cluster_29	6553666	6563892	0.9241608887160353	0.9738921331824669	Unknown	0.042641806722689024	0.2959873949579833	0.21872198879551819	0.005175945378151137	0.06000000000000005	0.012865896358543516	CP042324.1_5919;CP042324.1_5920;CP042324.1_5921;CP042324.1_5922;CP042324.1_5923;CP042324.1_5924;CP042324.1_5925;CP042324.1_5926;CP042324.1_5927;CP042324.1_5928	PF00378;PF00441;PF00501;PF00724;PF01042;PF01494;PF02770;PF02771;PF08028;PF12697;PF13193;PF13469;PF16113;PF19816
CP042324.1	CP042324.1_cluster_31	6831460	6878289	0.9424605841560918	0.9999797000989671	Unknown	0.02847434633374235	0.11890619932166435	0.2090968002690663	0.02520854317107668	0.19999999999999996	0.055518748390532946	CP042324.1_6162;CP042324.1_6163;CP042324.1_6164;CP042324.1_6165;CP042324.1_6166;CP042324.1_6167;CP042324.1_6168;CP042324.1_6169;CP042324.1_6170;CP042324.1_6171;CP042324.1_6172;CP042324.1_6173;CP042324.1_6174;CP042324.1_6175;CP042324.1_6176;CP042324.1_6177;CP042324.1_6178;CP042324.1_6179;CP042324.1_6180;CP042324.1_6181;CP042324.1_6182;CP042324.1_6183;CP042324.1_6184;CP042324.1_6185;CP042324.1_6186;CP042324.1_6187;CP042324.1_6188;CP042324.1_6189;CP042324.1_6190;CP042324.1_6191;CP042324.1_6192;CP042324.1_6193;CP042324.1_6194;CP042324.1_6195;CP042324.1_6196;CP042324.1_6197;CP042324.1_6198;CP042324.1_6199	PF00072;PF00092;PF00106;PF00155;PF00196;PF00300;PF00356;PF00528;PF00528;PF00532;PF01041;PF01381;PF01408;PF01547;PF01979;PF02525;PF03358;PF04149;PF04183;PF04183;PF04542;PF06276;PF06276;PF07690;PF07730;PF07969;PF11716;PF12804;PF13377;PF13416;PF13460;PF13519;PF13561;PF19054;PF19380;PF20613
CP042324.1	CP042324.1_cluster_32	6889708	6949872	0.9974108613849386	0.9999999994555336	Polyketide	0.0	0.08999999999999997	0.97	0.0	0.06000000000000005	0.0	CP042324.1_6208;CP042324.1_6209;CP042324.1_6210;CP042324.1_6211;CP042324.1_6212;CP042324.1_6213;CP042324.1_6214;CP042324.1_6215;CP042324.1_6216;CP042324.1_6217;CP042324.1_6218;CP042324.1_6219;CP042324.1_6220;CP042324.1_6221;CP042324.1_6222;CP042324.1_6223;CP042324.1_6224;CP042324.1_6225;CP042324.1_6226;CP042324.1_6227;CP042324.1_6228;CP042324.1_6229;CP042324.1_6230;CP042324.1_6231;CP042324.1_6232;CP042324.1_6233	PF00106;PF00106;PF00106;PF00106;PF00106;PF00106;PF00106;PF00108;PF00108;PF00108;PF00108;PF00109;PF00109;PF00109;PF00109;PF00109;PF00109;PF00202;PF00440;PF00440;PF00486;PF00550;PF00550;PF00550;PF00550;PF00550;PF00550;PF00561;PF00698;PF00698;PF00698;PF00698;PF00698;PF00698;PF00975;PF01039;PF01266;PF01370;PF01370;PF01370;PF01494;PF01565;PF01565;PF02801;PF02801;PF02801;PF02801;PF02801;PF02801;PF03704;PF03704;PF03756;PF03756;PF05368;PF05368;PF07690;PF07730;PF07993;PF08031;PF08031;PF08659;PF08659;PF08659;PF08659;PF08659;PF08659;PF08659;PF08990;PF08990;PF12697;PF12697;PF12831;PF13460;PF13460;PF13561;PF13561;PF14765;PF14765;PF14765;PF14765;PF14765;PF14765;PF16197;PF16197;PF16197;PF16197;PF16197;PF16197
CP042324.1	CP042324.1_cluster_33	6991869	7012285	0.9230704084479504	0.9698365276791759	Unknown	0.031615642312572745	0.24862121584782204	0.1505659724688313	0.1499765278317109	0.050000000000000044	0.05318055261550225	CP042324.1_6275;CP042324.1_6276;CP042324.1_6277;CP042324.1_6278;CP042324.1_6279;CP042324.1_6280;CP042324.1_6281;CP042324.1_6282;CP042324.1_6283;CP042324.1_6284;CP042324.1_6285;CP042324.1_6286;CP042324.1_6287;CP042324.1_6288;CP042324.1_6289	PF00196;PF00356;PF00501;PF00532;PF00561;PF00665;PF00754;PF02449;PF03372;PF12146;PF12697;PF12706;PF13377;PF13407;PF13483;PF13683;PF19794
CP042324.1	CP042324.1_cluster_34	7106398	7132198	0.9379064833950527	0.999994365737732	NRP	0.0	0.85	0.16000000000000003	0.0	0.040000000000000036	0.010000000000000009	CP042324.1_6367;CP042324.1_6368;CP042324.1_6369;CP042324.1_6370;CP042324.1_6371;CP042324.1_6372;CP042324.1_6373;CP042324.1_6374;CP042324.1_6375;CP042324.1_6376;CP042324.1_6377;CP042324.1_6378;CP042324.1_6379;CP042324.1_6380;CP042324.1_6381;CP042324.1_6382;CP042324.1_6383;CP042324.1_6384	PF00107;PF00171;PF00313;PF00501;PF00501;PF00550;PF00550;PF00550;PF00583;PF00668;PF00668;PF00975;PF02311;PF02525;PF02784;PF03358;PF04072;PF05977;PF07690;PF07690;PF07883;PF08240;PF09334;PF13193;PF13193;PF13434;PF13535;PF18130
CP042324.1	CP042324.1_cluster_35	7170258	7174955	0.8127743386500837	0.8134805685096705	Unknown	0.013835797725271548	0.0678612094776111	0.23998003559839542	0.11345938401801303	0.030000000000000027	0.1390735342011965	CP042324.1_6417;CP042324.1_6418;CP042324.1_6419;CP042324.1_6420	PF00083;PF03992;PF04055;PF06609;PF07210;PF07690;PF10604;PF13620;PF13620;PF13620
CP042324.1	CP042324.1_cluster_36	7333517	7347554	0.9041837494981273	0.9836185906442061	Polyketide	0.010357142857142732	0.12285714285714278	0.5435714285714286	0.04107142857142865	0.07999999999999996	0.03107142857142864	CP042324.1_6549;CP042324.1_6550;CP042324.1_6551;CP042324.1_6552;CP042324.1_6553;CP042324.1_6554;CP042324.1_6555;CP042324.1_6556;CP042324.1_6557;CP042324.1_6558;CP042324.1_6559;CP042324.1_6560;CP042324.1_6561	PF00106;PF00561;PF01047;PF01494;PF08659;PF12697;PF12802;PF13191;PF13360;PF13360;PF13360;PF13561;PF13604;PF13604;PF19946;PF20182
CP042324.1	CP042324.1_cluster_37	7413527	7440330	0.9774240398675742	0.9998437294903169	Unknown	0.06395589814873315	0.14371805564330997	0.11946704997788582	0.48172296286935823	0.0	0.04624976306312012	CP042324.1_6605;CP042324.1_6606;CP042324.1_6607;CP042324.1_6608;CP042324.1_6609;CP042324.1_6610;CP042324.1_6611;CP042324.1_6612;CP042324.1_6613;CP042324.1_6614;CP042324.1_6615;CP042324.1_6616;CP042324.1_6617;CP042324.1_6618;CP042324.1_6619;CP042324.1_6620;CP042324.1_6621;CP042324.1_6622;CP042324.1_6623	PF00005;PF00005;PF00005;PF00083;PF00083;PF00111;PF00149;PF00196;PF00355;PF00664;PF01381;PF01648;PF05762;PF07690;PF07690;PF17837;PF19112;PF19402
CP042324.1	CP042324.1_cluster_38	7510523	7529888	0.9929000364402832	0.9999991780737963	Terpene	0.02192377495462805	0.015635208711433868	0.033729582577132544	0.023747731397459226	0.30000000000000004	0.582005444646098	CP042324.1_6684;CP042324.1_6685;CP042324.1_6686;CP042324.1_6687;CP042324.1_6688;CP042324.1_6689;CP042324.1_6690;CP042324.1_6691;CP042324.1_6692;CP042324.1_6693;CP042324.1_6694;CP042324.1_6695;CP042324.1_6696;CP042324.1_6697;CP042324.1_6698;CP042324.1_6699;CP042324.1_6700;CP042324.1_6701;CP042324.1_6702	PF00005;PF00202;PF00348;PF00432;PF00483;PF00494;PF00494;PF00535;PF00890;PF01048;PF01061;PF01066;PF01266;PF01381;PF01593;PF01761;PF04055;PF07883;PF12804;PF12831;PF12844;PF13243;PF13249;PF13292;PF13304;PF13450;PF13685;PF19621;PF19907
CP042324.1	CP042324.1_cluster_39	7586524	7606355	0.9791906845447665	0.9999879632656202	Polyketide	0.0	0.15000000000000002	0.92	0.020000000000000018	0.010000000000000009	0.0	CP042324.1_6752;CP042324.1_6753;CP042324.1_6754;CP042324.1_6755;CP042324.1_6756;CP042324.1_6757;CP042324.1_6758;CP042324.1_6759;CP042324.1_6760;CP042324.1_6761;CP042324.1_6762;CP042324.1_6763;CP042324.1_6764	PF00070;PF00083;PF00106;PF00106;PF00107;PF00109;PF00550;PF00550;PF00698;PF01022;PF01022;PF01370;PF01642;PF02310;PF02801;PF05977;PF07690;PF08240;PF08541;PF08659;PF08659;PF09335;PF12832;PF12840;PF12840;PF13460;PF13561;PF13602;PF13738;PF13738;PF14765;PF16197;PF19450
CP042324.1	CP042324.1_cluster_40	7631120	7663969	0.9350931136471328	0.999782728928985	Unknown	0.01239481252009933	0.14814449830720844	0.13709163912672429	0.06875230253142717	0.33999999999999997	0.05937821720213976	CP042324.1_6791;CP042324.1_6792;CP042324.1_6793;CP042324.1_6794;CP042324.1_6795;CP042324.1_6796;CP042324.1_6797;CP042324.1_6798;CP042324.1_6799;CP042324.1_6800;CP042324.1_6801;CP042324.1_6802;CP042324.1_6803;CP042324.1_6804;CP042324.1_6805;CP042324.1_6806;CP042324.1_6807;CP042324.1_6808;CP042324.1_6809;CP042324.1_6810;CP042324.1_6811;CP042324.1_6812;CP042324.1_6813;CP042324.1_6814;CP042324.1_6815;CP042324.1_6816;CP042324.1_6817;CP042324.1_6818;CP042324.1_6819;CP042324.1_6820;CP042324.1_6821;CP042324.1_6822;CP042324.1_6823;CP042324.1_6824;CP042324.1_6825;CP042324.1_6826;CP042324.1_6827;CP042324.1_6828	PF00535;PF00877;PF01555;PF01555;PF02195;PF07690;PF07714;PF07726;PF07728;PF13535;PF18130;PF18603;PF19607;PF19751;PF19953
CP042324.1	CP042324.1_cluster_41	7675748	7707857	0.9628653007829657	0.9999828169834027	RiPP	0.014165730911736008	0.023059851693577382	0.033663455297181066	0.8521097055844743	0.010000000000000009	0.013995636932138233	CP042324.1_6839;CP042324.1_6840;CP042324.1_6841;CP042324.1_6842;CP042324.1_6843;CP042324.1_6844;CP042324.1_6845;CP042324.1_6846;CP042324.1_6847;CP042324.1_6848;CP042324.1_6849;CP042324.1_6850;CP042324.1_6851;CP042324.1_6852;CP042324.1_6853;CP042324.1_6854;CP042324.1_6855;CP042324.1_6856;CP042324.1_6857;CP042324.1_6858;CP042324.1_6859;CP042324.1_6860;CP042324.1_6861;CP042324.1_6862;CP042324.1_6863;CP042324.1_6864;CP042324.1_6865;CP042324.1_6866;CP042324.1_6867;CP042324.1_6868;CP042324.1_6869;CP042324.1_6870;CP042324.1_6871;CP042324.1_6872	PF00196;PF00441;PF01135;PF01590;PF02518;PF02770;PF02771;PF03259;PF04738;PF05147;PF05331;PF08028;PF13340;PF13340;PF13586;PF13586;PF14028;PF14028;PF19560
CP042324.1	CP042324.1_cluster_42	7988985	7998765	0.9878378658563671	0.9977321646651786	Unknown	0.011201970443349918	0.025957164275005384	0.38674598415078176	0.2481062325979867	0.22999999999999998	0.013413364746198364	CP042324.1_7113;CP042324.1_7114;CP042324.1_7115;CP042324.1_7116;CP042324.1_7117;CP042324.1_7118;CP042324.1_7119	PF00082;PF01370;PF04321;PF05368;PF10944;PF11468;PF13460;PF16363
CP042324.1	CP042324.1_cluster_44	8193374	8209501	0.9808924203389309	0.9997161731868607	Unknown	0.050000000000000044	0.0423684210526315	0.2918421052631578	0.022631578947368447	0.020000000000000018	0.26078947368421057	CP042324.1_7304;CP042324.1_7305;CP042324.1_7306;CP042324.1_7307;CP042324.1_7308;CP042324.1_7309;CP042324.1_7310;CP042324.1_7311;CP042324.1_7312;CP042324.1_7313;CP042324.1_7314;CP042324.1_7315;CP042324.1_7316;CP042324.1_7317;CP042324.1_7318;CP042324.1_7319;CP042324.1_7320	PF00083;PF00106;PF00326;PF00890;PF00892;PF00892;PF00999;PF01266;PF01266;PF01593;PF01593;PF01593;PF07690;PF07690;PF08659;PF10604;PF10604;PF12697;PF13450;PF13450;PF13561;PF19299
CP042324.1	CP042324.1_cluster_45	8254431	8269602	0.9715943799935843	0.9998222316499923	Unknown	0.08291333679294244	0.09034457706279198	0.2697313366446735	0.10942056490473717	0.06000000000000005	0.05414723107717412	CP042324.1_7364;CP042324.1_7365;CP042324.1_7366;CP042324.1_7367;CP042324.1_7368;CP042324.1_7369;CP042324.1_7370;CP042324.1_7371;CP042324.1_7372;CP042324.1_7373;CP042324.1_7374;CP042324.1_7375;CP042324.1_7376;CP042324.1_7377	PF00067;PF00408;PF00440;PF00561;PF00583;PF00891;PF00989;PF01590;PF02878;PF02879;PF02880;PF03992;PF04203;PF04486;PF05048;PF05048;PF05175;PF08241;PF08242;PF12146;PF12697;PF13229;PF13302;PF13426;PF13489;PF13492;PF13649;PF13847;PF16864
CP042324.1	CP042324.1_cluster_46	8276986	8287093	0.953317046587451	0.9998265855854215	Unknown	0.06589119576438751	0.24655936395271705	0.1421134601846853	0.09214843710865095	0.030000000000000027	0.11494548585490927	CP042324.1_7387;CP042324.1_7388;CP042324.1_7389;CP042324.1_7390;CP042324.1_7391;CP042324.1_7392;CP042324.1_7393;CP042324.1_7394;CP042324.1_7395;CP042324.1_7396;CP042324.1_7397;CP042324.1_7398	PF00009;PF00501;PF00743;PF01883;PF02518;PF03061;PF03259;PF05138;PF05138;PF05331;PF06243;PF11991;PF13434;PF13450;PF13738
CP042324.1	CP042324.1_cluster_47	8491310	8552110	0.9773625637644464	0.9999999512331312	NRP	0.030669434353918112	0.6061494551115724	0.3751738453554748	0.025267254800207528	0.030000000000000027	0.021826673585884748	CP042324.1_7588;CP042324.1_7589;CP042324.1_7590;CP042324.1_7591;CP042324.1_7592;CP042324.1_7593;CP042324.1_7594;CP042324.1_7595;CP042324.1_7596;CP042324.1_7597;CP042324.1_7598;CP042324.1_7599;CP042324.1_7600;CP042324.1_7601;CP042324.1_7602;CP042324.1_7603;CP042324.1_7604;CP042324.1_7605;CP042324.1_7606;CP042324.1_7607;CP042324.1_7608;CP042324.1_7609;CP042324.1_7610;CP042324.1_7611;CP042324.1_7612;CP042324.1_7613;CP042324.1_7614;CP042324.1_7615;CP042324.1_7616;CP042324.1_7617;CP042324.1_7618;CP042324.1_7619;CP042324.1_7620;CP042324.1_7621;CP042324.1_7622;CP042324.1_7623;CP042324.1_7624;CP042324.1_7625;CP042324.1_7626;CP042324.1_7627;CP042324.1_7628;CP042324.1_7629;CP042324.1_7630;CP042324.1_7631;CP042324.1_7632;CP042324.1_7633;CP042324.1_7634;CP042324.1_7635;CP042324.1_7636;CP042324.1_7637	PF00005;PF00005;PF00005;PF00005;PF00027;PF00067;PF00072;PF00106;PF00107;PF00127;PF00195;PF00196;PF00392;PF00425;PF00440;PF00496;PF00501;PF00501;PF00501;PF00501;PF00528;PF00528;PF00550;PF00550;PF00550;PF00550;PF00583;PF00664;PF00664;PF00668;PF00668;PF00668;PF00890;PF00975;PF00975;PF01040;PF01047;PF01266;PF01370;PF01381;PF01408;PF01494;PF01494;PF01494;PF01636;PF01966;PF02353;PF02463;PF02797;PF02909;PF04140;PF04191;PF04672;PF05834;PF06902;PF07690;PF07729;PF07730;PF08240;PF08241;PF08241;PF08241;PF08241;PF08241;PF08242;PF08242;PF08242;PF08392;PF08541;PF10604;PF12697;PF12706;PF12802;PF12802;PF12831;PF13191;PF13191;PF13193;PF13193;PF13193;PF13302;PF13370;PF13412;PF13459;PF13460;PF13473;PF13483;PF13489;PF13561;PF13602;PF13649;PF13649;PF13649;PF13649;PF13649;PF13847;PF18563;PF19086;PF19300;PF19307
CP042324.1	CP042324.1_cluster_48	8585620	8590941	0.8606336306495738	0.8797463902341943	Unknown	0.02947020231101971	0.17637483589572323	0.1620931445602085	0.11736539949749247	0.12	0.0692504538331018	CP042324.1_7671;CP042324.1_7672;CP042324.1_7673;CP042324.1_7674;CP042324.1_7675;CP042324.1_7676;CP042324.1_7677	PF01590;PF12802;PF13185;PF13340;PF13412;PF13492;PF13586;PF17196;PF19853
CP042324.1	CP042324.1_cluster_49	8643397	8666521	0.9769600134505402	0.9992612245468351	Unknown	0.04412141894508792	0.20195193643632692	0.2515955396064109	0.19033507226443847	0.040000000000000036	0.09046256324918434	CP042324.1_7737;CP042324.1_7738;CP042324.1_7739;CP042324.1_7740;CP042324.1_7741;CP042324.1_7742;CP042324.1_7743;CP042324.1_7744;CP042324.1_7745;CP042324.1_7746;CP042324.1_7747;CP042324.1_7748;CP042324.1_7749;CP042324.1_7750;CP042324.1_7751;CP042324.1_7752;CP042324.1_7753;CP042324.1_7754;CP042324.1_7755	PF00440;PF00665;PF01590;PF03457;PF03457;PF03457;PF03457;PF03457;PF03457;PF03457;PF04851;PF13604;PF19746
